<?xml version="1.0" encoding="UTF-8"?>
<document>
<type>mainstream</type>
<forum></forum>
<forum_title></forum_title>
<discussion_title>法国内阁同意总统强推劳工改革的方案 - BBC 中文网</discussion_title>
<language>chinese</language>
<gmt_offset></gmt_offset>
<topic_url>http://www.bbc.com/zhongwen/simp/world/2016/05/160510_france_labour_reform</topic_url>
<topic_text>

法国总理瓦尔斯周二（5月10日）宣布了内阁的这一决定。当局表示，改革的目的在于打击长期失业。 
法国总统奥朗德曾表示，如果能够使高于10%的失业率降低，他将考虑在明年参选连任。 
</topic_text>
<spam_score>0.00</spam_score>
<post_num>1</post_num>
<post_id>post-1</post_id>
<post_url>http://www.bbc.com/zhongwen/simp/world/2016/05/160510_france_labour_reform</post_url>
<post_date>20160510</post_date>
<post_time></post_time>
<username></username>
<post>

法国总理瓦尔斯周二（5月10日）宣布了内阁的这一决定。当局表示，改革的目的在于打击长期失业。 
法国总统奥朗德曾表示，如果能够使高于10%的失业率降低，他将考虑在明年参选连任。 
</post>
<signature>

</signature>
<external_links>

</external_links>
<country>GB</country>
<main_image>http://ichef-1.bbci.co.uk/news/ws/1024/amz/worldservice/live/assets/images/2016/05/10/160510133835_france_demo_512x288_bbc_nocredit.jpg</main_image>
</document>
